1, 1, 0, 0, 0, 0, 0, 2.114188464049501
1, 1, 1, 1, 1, 1, 0, -0.3416139119483968
1, 1, 2, 0, 0, 0, 0, 0.23682435282735462
1, 1, 2, 2, 0, 0, 0, 0.2854060881042853
1, 1, 2, 2, 2, 2, 0, 0.22299502159188078
1, 1, 3, 1, 1, 1, 0, -0.2011903965216657
1, 1, 3, 3, 1, 1, 0, -0.07082819834817278
1, 1, 3, 3, 3, 3, 0, -0.09905714046100857
1, 1, 4, 0, 0, 0, 0, 0.07306576162365203
1, 1, 4, 2, 0, 0, 0, 0.13837888732503867
1, 1, 4, 2, 2, 2, 0, 0.12524129886235053
1, 1, 4, 4, 0, 0, 0, 0.04625979732568304
1, 1, 4, 4, 2, 2, 0, 0.054860066364455604
1, 1, 4, 4, 4, 4, 0, 0.06638216590482496
1, 1, 5, 1, 1, 1, 0, -0.06433492126302916
1, 1, 5, 3, 1, 1, 0, -0.030545206845850187
1, 1, 5, 3, 3, 3, 0, -0.04036361722836107
1, 1, 5, 5, 1, 1, 0, -0.004363162064576723
1, 1, 5, 5, 3, 3, 0, -0.005078840289924558
1, 1, 5, 5, 5, 5, 0, -0.03185510092321012
1, 1, 6, 0, 0, 0, 0, 0.018980604309409246
1, 1, 6, 2, 0, 0, 0, 0.02934268649146382
1, 1, 6, 2, 2, 2, 0, 0.03284835528627847
1, 1, 6, 4, 0, 0, 0, 0.012798039539519225
1, 1, 6, 4, 2, 2, 0, 0.02348653005437712
1, 1, 6, 4, 4, 4, 0, 0.013681269949625513
1, 1, 6, 6, 0, 0, 0, 0.0023053012024818777
1, 1, 6, 6, 2, 2, 0, 0.00796166123482065
1, 1, 6, 6, 4, 4, 0, 0.0028062443687642893
1, 1, 6, 6, 6, 6, 0, 0.020219595435400195
1, 1, 7, 1, 1, 1, 0, -0.0023489299258036556
1, 1, 7, 3, 1, 1, 0, 0.009118650891568547
1, 1, 7, 3, 3, 3, 0, -0.001658936658384902
1, 1, 7, 5, 1, 1, 0, 0.009295561933237217
1, 1, 7, 5, 3, 3, 0, 0.0037069261449080085
1, 1, 7, 5, 5, 5, 0, -0.006040769313321537
1, 1, 7, 7, 1, 1, 0, 0.007960591249160175
1, 1, 7, 7, 3, 3, 0, 0.004137742447620715
1, 1, 7, 7, 5, 5, 0, 0.0012315586379358645
1, 1, 7, 7, 7, 7, 0, -0.011588726252867124
1, 1, 0, 0, 0, 0, 1, -0.025225295570957332
1, 1, 1, 1, 1, 1, 1, -0.13504709285652
1, 1, 2, 0, 0, 0, 1, 0.0021896931689648555
1, 1, 2, 2, 0, 0, 1, 0.02953387646301193
1, 1, 2, 2, 2, 2, 1, 0.04070321853003642
1, 1, 3, 1, 1, 1, 1, -0.14482849013906277
1, 1, 3, 3, 1, 1, 1, -0.10883441225318344
1, 1, 3, 3, 3, 3, 1, -0.08050972504918186
1, 1, 4, 0, 0, 0, 1, 0.008934971917681053
1, 1, 4, 2, 0, 0, 1, 0.029705438303826465
1, 1, 4, 2, 2, 2, 1, 0.010523159399332793
1, 1, 4, 4, 0, 0, 1, 0.014286977223557708
1, 1, 4, 4, 2, 2, 1, -0.001452085728157245
1, 1, 4, 4, 4, 4, 1, 0.01591344532704167
1, 1, 5, 1, 1, 1, 1, -0.051131643109043425
1, 1, 5, 3, 1, 1, 1, -0.07302415726573284
1, 1, 5, 3, 3, 3, 1, -0.06255693631813894
1, 1, 5, 5, 1, 1, 1, -0.0238968739099509
1, 1, 5, 5, 3, 3, 1, -0.028757812795486233
1, 1, 5, 5, 5, 5, 1, -0.02050281438616583
1, 1, 6, 0, 0, 0, 1, 0.0015861507854094932
1, 1, 6, 2, 0, 0, 1, 0.016642817044972717
1, 1, 6, 2, 2, 2, 1, -0.004079928159820294
1, 1, 6, 4, 0, 0, 1, 0.012284875906451578
1, 1, 6, 4, 2, 2, 1, -0.008242605029962491
1, 1, 6, 4, 4, 4, 1, -0.0009851049072260205
1, 1, 6, 6, 0, 0, 1, 0.006597838792095227
1, 1, 6, 6, 2, 2, 1, -0.00543852533279492
1, 1, 6, 6, 4, 4, 1, -0.005752692981228813
1, 1, 6, 6, 6, 6, 1, -0.009310290957733086
1, 1, 7, 1, 1, 1, 1, -0.027071532765212736
1, 1, 7, 3, 1, 1, 1, -0.038136610006500836
1, 1, 7, 3, 3, 3, 1, -0.020961885355551466
1, 1, 7, 5, 1, 1, 1, -0.022861512945747665
1, 1, 7, 5, 3, 3, 1, -0.015493494963606004
1, 1, 7, 5, 5, 5, 1, -0.009789307174116385
1, 1, 7, 7, 1, 1, 1, -0.011456314534577062
1, 1, 7, 7, 3, 3, 1, -0.004785082549408888
1, 1, 7, 7, 5, 5, 1, -0.004921455604414111
1, 1, 7, 7, 7, 7, 1, 0.012047567508533905
1, 2, 0, 2, 0, 2, 0, 0.04367414238599707
1, 2, 0, 4, 0, 2, 0, -0.009524805190117648
1, 2, 1, 1, 1, 1, 0, -0.01703976687565014
1, 2, 1, 3, 1, 1, 0, 0.026623432247081504
1, 2, 1, 3, 1, 3, 0, -0.007994770714595166
1, 2, 2, 0, 2, 0, 0, -0.004049140519517137
1, 2, 2, 2, 0, 2, 0, -0.011005905177025441
1, 2, 2, 2, 2, 0, 0, -0.01682846379468117
1, 2, 2, 2, 2, 2, 0, -0.01329876441989485
1, 2, 2, 4, 0, 2, 0, -0.005792173157040976
1, 2, 2, 4, 2, 0, 0, 0.007294547626990791
1, 2, 2, 4, 2, 2, 0, -0.007526866270394403
1, 2, 2, 4, 2, 4, 0, -0.0005353350214458387
1, 2, 3, 1, 1, 1, 0, 0.0033981376891519515
1, 2, 3, 1, 3, 1, 0, 0.0037710856143498978
1, 2, 3, 3, 1, 1, 0, 0.001069224169564724
1, 2, 3, 3, 1, 3, 0, 0.008687284149575689
1, 2, 3, 3, 3, 1, 0, -0.018535213389369174
1, 2, 3, 3, 3, 3, 0, -0.0016719840145124907
1, 2, 4, 0, 2, 0, 0, -0.0008600659294543253
1, 2, 4, 2, 0, 2, 0, -0.0026537392354929936
1, 2, 4, 2, 2, 0, 0, -0.0012084439037488171
1, 2, 4, 2, 2, 2, 0, -0.002848649558978641
1, 2, 4, 2, 4, 2, 0, -0.006367754191693812
1, 2, 4, 4, 0, 2, 0, 0.003218113124324542
1, 2, 4, 4, 2, 0, 0, 0.0049207908364473285
1, 2, 4, 4, 2, 2, 0, -0.0014341898457101078
1, 2, 4, 4, 2, 4, 0, 0.004011852058428524
1, 2, 4, 4, 4, 2, 0, 0.00252919053890064
1, 2, 4, 4, 4, 4, 0, 0.010020114269339405
1, 2, 0, 2, 0, 2, 1, 0.027398381140775155
1, 2, 0, 4, 0, 2, 1, 0.004468040035199803
1, 2, 1, 1, 1, 1, 1, -0.03671216697042
1, 2, 1, 3, 1, 1, 1, -0.0004210857374043614
1, 2, 1, 3, 1, 3, 1, -0.010728331825094726
1, 2, 2, 0, 2, 0, 1, -0.028861288220050567
1, 2, 2, 2, 0, 2, 1, 0.014588888065113553
1, 2, 2, 2, 2, 0, 1, -0.02968662644196622
1, 2, 2, 2, 2, 2, 1, 0.01745652986502365
1, 2, 2, 4, 0, 2, 1, 0.010797076046305634
1, 2, 2, 4, 2, 0, 1, -0.011412657891720357
1, 2, 2, 4, 2, 2, 1, 0.005972423088585517
1, 2, 2, 4, 2, 4, 1, -0.002805434788737865
1, 2, 3, 1, 1, 1, 1, 0.013100220278968332
1, 2, 3, 1, 3, 1, 1, -0.004258524512863368
1, 2, 3, 3, 1, 1, 1, 0.0049745162973932455
1, 2, 3, 3, 1, 3, 1, -0.01804683432389069
1, 2, 3, 3, 3, 1, 1, 0.005670402578929843
1, 2, 3, 3, 3, 3, 1, 0.009840424803616875
1, 2, 4, 0, 2, 0, 1, 0.00036399776984057195
1, 2, 4, 2, 0, 2, 1, 0.004926104399990041
1, 2, 4, 2, 2, 0, 1, -0.001897064572724665
1, 2, 4, 2, 2, 2, 1, 0.0017077794134919416
1, 2, 4, 2, 4, 2, 1, 0.021506282969489567
1, 2, 4, 4, 0, 2, 1, -0.0025265297426376957
1, 2, 4, 4, 2, 0, 1, -0.007835462762196092
1, 2, 4, 4, 2, 2, 1, 0.00003664351603733661
1, 2, 4, 4, 2, 4, 1, -0.012002265362443948
1, 2, 4, 4, 4, 2, 1, -0.0019376494601371051
1, 2, 4, 4, 4, 4, 1, -0.0036048283069839582
1, 3, 0, 2, 0, -2, 0, -0.011195129637961636
1, 3, 0, 4, 0, -2, 0, 0.0010640743685420167
1, 3, 1, 1, 1, -1, 0, 0.014525590158475009
1, 3, 1, 1, -1, 1, 0, 0.018899099487244646
1, 3, 1, 3, 1, -1, 0, -0.005390765535204353
1, 3, 1, 3, -1, 1, 0, -0.025824733741931515
1, 3, 1, 3, 1, -3, 0, -0.002579101361470288
1, 3, 1, 3, -1, 3, 0, 0.009209997293689534
1, 3, 2, 0, -2, 0, 0, -0.0016013805321991963
1, 3, 2, 2, 0, -2, 0, 0.014600513239402488
1, 3, 2, 2, -2, 0, 0, 0.021332568026705336
1, 3, 2, 2, 2, -2, 0, -0.003387055688272111
1, 3, 2, 2, -2, 2, 0, 0.013123120917849469
1, 3, 2, 4, 0, -2, 0, 0.00008726352451937343
1, 3, 2, 4, -2, 0, 0, -0.011557518787110387
1, 3, 2, 4, 2, -2, 0, 0.0013649242555890213
1, 3, 2, 4, -2, 2, 0, 0.009421349632558203
1, 3, 2, 4, 2, -4, 0, 0.0021483103563328335
1, 3, 2, 4, -2, 4, 0, 0.01506174459941388
1, 3, 3, 1, 1, -1, 0, -0.008270972990045058
1, 3, 3, 1, -1, 1, 0, -0.0011148220265551193
1, 3, 3, 1, 3, -1, 0, 0.010937866739043973
1, 3, 3, 1, -3, 1, 0, -0.004036716624227535
1, 3, 3, 3, 1, -1, 0, -0.001271090145679154
1, 3, 3, 3, -1, 1, 0, 0.00409208869020174
1, 3, 3, 3, 1, -3, 0, -0.005629495049829288
1, 3, 3, 3, -1, 3, 0, 0.0003129652770096287
1, 3, 3, 3, 3, -1, 0, -0.005506159202866108
1, 3, 3, 3, -3, 1, 0, 0.019669044990195894
1, 3, 3, 3, 3, -3, 0, -0.0043080984326939265
1, 3, 3, 3, -3, 3, 0, 0.002750495398438996
1, 3, 4, 0, -2, 0, 0, -0.0005953593711237336
1, 3, 4, 2, 0, -2, 0, -0.008711706928395728
1, 3, 4, 2, -2, 0, 0, 0.00402045918896629
1, 3, 4, 2, 2, -2, 0, 0.011015259420387183
1, 3, 4, 2, -2, 2, 0, 0.002113730619583098
1, 3, 4, 2, 4, -2, 0, -0.0005256877132418774
1, 3, 4, 2, -4, 2, 0, -0.008307354270565656
1, 3, 4, 4, 0, -2, 0, 0.0017863410224317334
1, 3, 4, 4, -2, 0, 0, 0.001171241043507206
1, 3, 4, 4, 2, -2, 0, 0.0012030223679423454
1, 3, 4, 4, -2, 2, 0, 0.0050881989010795724
1, 3, 4, 4, 2, -4, 0, 0.0015654760259599457
1, 3, 4, 4, -2, 4, 0, 0.003318660597273264
1, 3, 4, 4, 4, -2, 0, 0.00162233781966826
1, 3, 4, 4, -4, 2, 0, 0.013186771406032534
1, 3, 4, 4, 4, -4, 0, 0.002471461564630475
1, 3, 4, 4, -4, 4, 0, -0.004746868333728285
1, 3, 0, 2, 0, -2, 1, -0.014020948524612418
1, 3, 0, 4, 0, -2, 1, 0.0008460473512174466
1, 3, 1, 1, 1, -1, 1, 0.026649107708848485
1, 3, 1, 1, -1, 1, 1, 0.013086825987824811
1, 3, 1, 3, 1, -1, 1, -0.006993304635248134
1, 3, 1, 3, -1, 1, 1, -0.0005194744798255463
1, 3, 1, 3, 1, -3, 1, 0.009066774579747028
1, 3, 1, 3, -1, 3, 1, 0.012165219706990544
1, 3, 2, 0, -2, 0, 1, 0.0052538601457123415
1, 3, 2, 2, 0, -2, 1, 0.009159292559181458
1, 3, 2, 2, -2, 0, 1, -0.006789729910525635
1, 3, 2, 2, 2, -2, 1, -0.010695486918095768
1, 3, 2, 2, -2, 2, 1, 0.0016335742063120946
1, 3, 2, 4, 0, -2, 1, 0.0027937491265989487
1, 3, 2, 4, -2, 0, 1, 0.0047249124729712814
1, 3, 2, 4, 2, -2, 1, 0.003011671106710059
1, 3, 2, 4, -2, 2, 1, -0.004512484280142042
1, 3, 2, 4, 2, -4, 1, -0.004475179634772653
1, 3, 2, 4, -2, 4, 1, 0.0004535803539246937
1, 3, 3, 1, 1, -1, 1, -0.015267038715020782
1, 3, 3, 1, -1, 1, 1, -0.000386363223026386
1, 3, 3, 1, 3, -1, 1, 0.020036006792989728
1, 3, 3, 1, -3, 1, 1, -0.007398176818202956
1, 3, 3, 3, 1, -1, 1, -0.003572351609534173
1, 3, 3, 3, -1, 1, 1, -0.0020914798710037928
1, 3, 3, 3, 1, -3, 1, 0.0010919945740124268
1, 3, 3, 3, -1, 3, 1, -0.0010614266970053157
1, 3, 3, 3, 3, -1, 1, -0.007784134710494396
1, 3, 3, 3, -3, 1, 1, -0.02162096743373949
1, 3, 3, 3, 3, -3, 1, 0.008912235243109436
1, 3, 3, 3, -3, 3, 1, -0.014182057140004398
1, 3, 4, 0, -2, 0, 1, 0.0006848188960499347
1, 3, 4, 2, 0, -2, 1, 0.00010831494637126259
1, 3, 4, 2, -2, 0, 1, -0.0044993451677805395
1, 3, 4, 2, 2, -2, 1, 0.0158530609354909
1, 3, 4, 2, -2, 2, 1, -0.0023427890482672314
1, 3, 4, 2, 4, -2, 1, -0.0063925954444683615
1, 3, 4, 2, -4, 2, 1, 0.007111848663770612
1, 3, 4, 4, 0, -2, 1, -0.0020150828471341416
1, 3, 4, 4, -2, 0, 1, -0.002131775773159564
1, 3, 4, 4, 2, -2, 1, 0.00020458792689944782
1, 3, 4, 4, -2, 2, 1, -0.006478110126925823
1, 3, 4, 4, 2, -4, 1, 0.005185988295896336
1, 3, 4, 4, -2, 4, 1, -0.0038879232736355332
1, 3, 4, 4, 4, -2, 1, 0.0029671849918603997
1, 3, 4, 4, -4, 2, 1, -0.015409962619897417
1, 3, 4, 4, 4, -4, 1, -0.003036576975216162
1, 3, 4, 4, -4, 4, 1, 0.0030335272039083384
1, 4, 1, 1, 1, -1, 0, -0.005253935384991472
1, 4, 1, 1, -1, 1, 0, -0.0029918077081706605
1, 4, 1, 3, 1, -1, 0, -0.004142706396360424
1, 4, 1, 3, -1, 1, 0, 0.003688894870137891
1, 4, 1, 3, 1, -3, 0, 0.0010290395909737385
1, 4, 1, 3, -1, 3, 0, -0.0015910717345589474
1, 4, 2, 2, 2, -2, 0, -0.0010906660744038445
1, 4, 2, 2, -2, 2, 0, -0.002489046040220161
1, 4, 2, 4, 2, -2, 0, -0.0024222485834198707
1, 4, 2, 4, -2, 2, 0, -0.0008398459224058729
1, 4, 2, 4, 2, -4, 0, -0.001340330483440445
1, 4, 2, 4, -2, 4, 0, -0.0026199699460304786
1, 4, 3, 1, 1, -1, 0, -0.004986980902969026
1, 4, 3, 1, -1, 1, 0, -0.0033748142409336457
1, 4, 3, 1, 3, -1, 0, -0.006615784752514236
1, 4, 3, 1, -3, 1, 0, -0.0007703679419141745
1, 4, 3, 3, 1, -1, 0, -0.002316102797246677
1, 4, 3, 3, -1, 1, 0, 0.0033117247825671056
1, 4, 3, 3, 1, -3, 0, 0.005709926092014379
1, 4, 3, 3, -1, 3, 0, -0.002077897119156513
1, 4, 3, 3, 3, -1, 0, -0.004677815312857369
1, 4, 3, 3, -3, 1, 0, -0.002204952521357419
1, 4, 3, 3, 3, -3, 0, 0.0028734965278541095
1, 4, 3, 3, -3, 3, 0, -0.0014612940347674696
1, 4, 4, 2, 2, -2, 0, 0.013135530051656987
1, 4, 4, 2, -2, 2, 0, -0.0019577605539250293
1, 4, 4, 2, 4, -2, 0, 0.0022278496273044177
1, 4, 4, 2, -4, 2, 0, -0.0037365723590598
1, 4, 4, 4, 2, -2, 0, 0.005860768934405841
1, 4, 4, 4, -2, 2, 0, -0.0012615287625269132
1, 4, 4, 4, 2, -4, 0, 0.004047884603483761
1, 4, 4, 4, -2, 4, 0, -0.0022109756959350487
1, 4, 4, 4, 4, -2, 0, -0.0008801398723884148
1, 4, 4, 4, -4, 2, 0, 0.005329959511719262
1, 4, 4, 4, 4, -4, 0, -0.0002857982593238085
1, 4, 4, 4, -4, 4, 0, -0.0022854307517045916
1, 4, 1, 1, 1, -1, 1, 0.011336026266918212
1, 4, 1, 1, -1, 1, 1, 0.004930316307681406
1, 4, 1, 3, 1, -1, 1, 0.006605864665887438
1, 4, 1, 3, -1, 1, 1, -0.006977902249454236
1, 4, 1, 3, 1, -3, 1, -0.0008951998873187189
1, 4, 1, 3, -1, 3, 1, 0.0023223793762568567
1, 4, 2, 2, 2, -2, 1, 0.00013666767712437354
1, 4, 2, 2, -2, 2, 1, 0.0037136212403288725
1, 4, 2, 4, 2, -2, 1, 0.005032490905099442
1, 4, 2, 4, -2, 2, 1, 0.002433453638365112
1, 4, 2, 4, 2, -4, 1, 0.0004394969530843861
1, 4, 2, 4, -2, 4, 1, 0.004204061714070252
1, 4, 3, 1, 1, -1, 1, 0.009411993660691346
1, 4, 3, 1, -1, 1, 1, 0.006197400662540006
1, 4, 3, 1, 3, -1, 1, 0.013825039280292797
1, 4, 3, 1, -3, 1, 1, -0.0002854013153566898
1, 4, 3, 3, 1, -1, 1, 0.006570407991904543
1, 4, 3, 3, -1, 1, 1, -0.008205671189235084
1, 4, 3, 3, 1, -3, 1, -0.007031820506645855
1, 4, 3, 3, -1, 3, 1, 0.0031077416492043238
1, 4, 3, 3, 3, -1, 1, 0.008418204931767679
1, 4, 3, 3, -3, 1, 1, 0.004384627373682803
1, 4, 3, 3, 3, -3, 1, -0.003187942716669294
1, 4, 3, 3, -3, 3, 1, 0.0011924635172965764
1, 4, 4, 2, 2, -2, 1, -0.02211996221993843
1, 4, 4, 2, -2, 2, 1, 0.00197481454906421
1, 4, 4, 2, 4, -2, 1, -0.005397662645617711
1, 4, 4, 2, -4, 2, 1, 0.004004195201409913
1, 4, 4, 4, 2, -2, 1, -0.011551451945750775
1, 4, 4, 4, -2, 2, 1, 0.0025729067984663037
1, 4, 4, 4, 2, -4, 1, -0.005052742987874101
1, 4, 4, 4, -2, 4, 1, 0.0025553326647100357
1, 4, 4, 4, 4, -2, 1, 0.00198482537990995
1, 4, 4, 4, -4, 2, 1, -0.0078034142716009326
1, 4, 4, 4, 4, -4, 1, -0.0008376446519673445
1, 4, 4, 4, -4, 4, 1, 0.0019261917646058197
2, 2, 0, 0, 0, 0, 0, 0.12822980097244835
2, 2, 1, 1, 1, 1, 0, -0.0428562055152962
2, 2, 2, 0, 0, 0, 0, -0.0012006734222835165
2, 2, 2, 2, 0, 0, 0, 0.00788374390843756
2, 2, 2, 2, 2, 2, 0, 0.19043292797845984
2, 2, 3, 1, 1, 1, 0, -0.017078057456830123
2, 2, 3, 1, 3, 1, 0, -0.09281276393056392
2, 2, 3, 3, 1, 1, 0, -0.0009070436031139847
2, 2, 3, 3, 3, 1, 0, 0.007631142447884029
2, 2, 3, 3, 3, 3, 0, -0.07436756157504072
2, 2, 4, 0, 0, 0, 0, 0.011947237380677057
2, 2, 4, 0, 4, 0, 0, 0.0865032092778016
2, 2, 4, 2, 0, 0, 0, 0.006739333951321363
2, 2, 4, 2, 2, 2, 0, -0.006881387585709791
2, 2, 4, 2, 4, 0, 0, -0.004049684988116958
2, 2, 4, 2, 4, 2, 0, 0.0930254516457355
2, 2, 4, 4, 0, 0, 0, 0.002845702974978736
2, 2, 4, 4, 2, 2, 0, -0.008978989006000915
2, 2, 4, 4, 4, 0, 0, -0.009723799961114148
2, 2, 4, 4, 4, 2, 0, 0.042131020545378914
2, 2, 4, 4, 4, 4, 0, -0.033338090278000776
2, 2, 0, 0, 0, 0, 1, 0.056279277678399874
2, 2, 1, 1, 1, 1, 1, -0.011490118978611212
2, 2, 2, 0, 0, 0, 1, 0.01528422507700895
2, 2, 2, 2, 0, 0, 1, 0.032392153386501185
2, 2, 2, 2, 2, 2, 1, 0.11304713998040784
2, 2, 3, 1, 1, 1, 1, -0.03552399827799656
2, 2, 3, 1, 3, 1, 1, -0.0538551804220295
2, 2, 3, 3, 1, 1, 1, -0.013675450788937305
2, 2, 3, 3, 3, 1, 1, 0.027867002434251983
2, 2, 3, 3, 3, 3, 1, -0.031148898997659276
2, 2, 4, 0, 0, 0, 1, 0.010536175262090353
2, 2, 4, 0, 4, 0, 1, 0.03713160379707697
2, 2, 4, 2, 0, 0, 1, 0.01341234619863968
2, 2, 4, 2, 2, 2, 1, 0.02939113103815738
2, 2, 4, 2, 4, 0, 1, 0.016837639908609772
2, 2, 4, 2, 4, 2, 1, 0.05932555701562585
2, 2, 4, 4, 0, 0, 1, 0.0060435519968023745
2, 2, 4, 4, 2, 2, 1, 0.02866882226879016
2, 2, 4, 4, 4, 0, 1, -0.0002017250776438495
2, 2, 4, 4, 4, 2, 1, -0.013637660203792713
2, 2, 4, 4, 4, 4, 1, -0.04142163750581676
2, 3, 0, 4, 0, -4, 0, -0.027765758101053816
2, 3, 1, 1, 1, -1, 0, 0.10122636717787034
2, 3, 1, 1, -1, 1, 0, 0.012943793156551121
2, 3, 1, 3, 1, -1, 0, 0.0056865288788869785
2, 3, 1, 3, -1, 1, 0, 0.02772726930590151
2, 3, 1, 3, 1, -3, 0, 0.08527680623352725
2, 3, 1, 3, -1, 3, 0, 0.021445948322331806
2, 3, 2, 2, 2, -2, 0, -0.0840312658021963
2, 3, 2, 2, -2, 2, 0, -0.11203060993683943
2, 3, 2, 4, 0, -4, 0, 0.009344163560292943
2, 3, 2, 4, 2, -2, 0, -0.006600133316254947
2, 3, 2, 4, -2, 2, 0, 0.014976440447405974
2, 3, 2, 4, 2, -4, 0, -0.027398648416565845
2, 3, 2, 4, -2, 4, 0, -0.10472906152585812
2, 3, 3, 1, 1, -1, 0, 0.02306187164655936
2, 3, 3, 1, -1, 1, 0, 0.0028514987663674487
2, 3, 3, 1, 3, -1, 0, 0.10312442477065478
2, 3, 3, 1, -3, 1, 0, 0.0641819983060321
2, 3, 3, 3, 1, -1, 0, 0.00562118089716588
2, 3, 3, 3, -1, 1, 0, 0.0000491888616442112
2, 3, 3, 3, 1, -3, 0, -0.010362930692794751
2, 3, 3, 3, -1, 3, 0, 0.0027048151062065255
2, 3, 3, 3, 3, -1, 0, 0.007235037807954101
2, 3, 3, 3, -3, 1, 0, -0.007547193189187227
2, 3, 3, 3, 3, -3, 0, 0.07694543372327911
2, 3, 3, 3, -3, 3, 0, 0.05799563724666955
2, 3, 4, 0, -4, 0, 0, -0.023663939032889707
2, 3, 4, 2, 2, -2, 0, 0.028151562739370285
2, 3, 4, 2, -2, 2, 0, -0.012857058568616327
2, 3, 4, 2, -4, 0, 0, 0.013310320830822129
2, 3, 4, 2, 4, -2, 0, -0.07432503256831569
2, 3, 4, 2, -4, 2, 0, -0.01957046984821191
2, 3, 4, 4, 0, -4, 0, -0.008749372444371743
2, 3, 4, 4, 2, -2, 0, 0.00869434963359132
2, 3, 4, 4, -2, 2, 0, 0.0036216001924150917
2, 3, 4, 4, 2, -4, 0, 0.01491486724969448
2, 3, 4, 4, -2, 4, 0, -0.011543393381262389
2, 3, 4, 4, -4, 0, 0, -0.0055022487073625725
2, 3, 4, 4, 4, -2, 0, -0.004216964195753111
2, 3, 4, 4, -4, 2, 0, 0.019435026073334444
2, 3, 4, 4, 4, -4, 0, -0.02279991044406427
2, 3, 4, 4, -4, 4, 0, -0.014090269431561199
2, 3, 0, 4, 0, -4, 1, -0.00834102009570857
2, 3, 1, 1, 1, -1, 1, 0.04539012654593405
2, 3, 1, 1, -1, 1, 1, 0.039773534698317216
2, 3, 1, 3, 1, -1, 1, 0.0096540279541413
2, 3, 1, 3, -1, 1, 1, 0.01869425510779618
2, 3, 1, 3, 1, -3, 1, 0.044183072199872386
2, 3, 1, 3, -1, 3, 1, 0.04373026649851687
2, 3, 2, 2, 2, -2, 1, -0.05872143235051708
2, 3, 2, 2, -2, 2, 1, -0.0908235036926549
2, 3, 2, 4, 0, -4, 1, 0.0036337596500752127
2, 3, 2, 4, 2, -2, 1, -0.002530485554928746
2, 3, 2, 4, -2, 2, 1, -0.0007103112429815601
2, 3, 2, 4, 2, -4, 1, -0.007646165494623096
2, 3, 2, 4, -2, 4, 1, -0.08811705712221052
2, 3, 3, 1, 1, -1, 1, 0.0034551675247879374
2, 3, 3, 1, -1, 1, 1, 0.008180835048123197
2, 3, 3, 1, 3, -1, 1, 0.04394594421432321
2, 3, 3, 1, -3, 1, 1, 0.04294983103125023
2, 3, 3, 3, 1, -1, 1, -0.002724329137132688
2, 3, 3, 3, -1, 1, 1, 0.008096800731103042
2, 3, 3, 3, 1, -3, 1, -0.004607954761987313
2, 3, 3, 3, -1, 3, 1, 0.010411898828096532
2, 3, 3, 3, 3, -1, 1, 0.0081937951304728
2, 3, 3, 3, -3, 1, 1, -0.012585569998760667
2, 3, 3, 3, 3, -3, 1, 0.04012021503425034
2, 3, 3, 3, -3, 3, 1, 0.03629829903109763
2, 3, 4, 0, -4, 0, 1, -0.012166413740664198
2, 3, 4, 2, 2, -2, 1, -0.009143824250267961
2, 3, 4, 2, -2, 2, 1, -0.012611598785770246
2, 3, 4, 2, -4, 0, 1, -0.007045996830627135
2, 3, 4, 2, 4, -2, 1, -0.05914273845231663
2, 3, 4, 2, -4, 2, 1, -0.01988302497126191
2, 3, 4, 4, 0, -4, 1, -0.004183950709390913
2, 3, 4, 4, 2, -2, 1, -0.012918278158597859
2, 3, 4, 4, -2, 2, 1, -0.012728284358870058
2, 3, 4, 4, 2, -4, 1, 0.003768590575095373
2, 3, 4, 4, -2, 4, 1, -0.015393199106302005
2, 3, 4, 4, -4, 0, 1, -0.010696973349750862
2, 3, 4, 4, 4, -2, 1, -0.0056797016426637145
2, 3, 4, 4, -4, 2, 1, -0.01010502580270356
2, 3, 4, 4, 4, -4, 1, -0.006461220261981329
2, 3, 4, 4, -4, 4, 1, -0.021777912597156834
2, 4, 0, 2, 0, -2, 0, -0.010573234126931412
2, 4, 0, 4, 0, -2, 0, -0.0012943822275753546
2, 4, 1, 1, 1, -1, 0, 0.024264877962688065
2, 4, 1, 1, -1, 1, 0, 0.03816662928266496
2, 4, 1, 3, 1, -1, 0, 0.003021196444989451
2, 4, 1, 3, -1, 1, 0, -0.015148973315542805
2, 4, 1, 3, 1, -3, 0, -0.012259497365750487
2, 4, 1, 3, -1, 3, 0, 0.03093418540256003
2, 4, 2, 0, -2, 0, 0, -0.025942878080260176
2, 4, 2, 2, 0, -2, 0, 0.024456945423323107
2, 4, 2, 2, -2, 0, 0, 0.010877465799099498
2, 4, 2, 2, 2, -2, 0, 0.004344157684959176
2, 4, 2, 2, -2, 2, 0, -0.024081877049268004
2, 4, 2, 4, 0, -2, 0, 0.0029465468029294148
2, 4, 2, 4, -2, 0, 0, -0.012153435424884491
2, 4, 2, 4, 2, -2, 0, 0.0004982352305916652
2, 4, 2, 4, -2, 2, 0, 0.012144450805177523
2, 4, 2, 4, 2, -4, 0, -0.005486988027846776
2, 4, 2, 4, -2, 4, 0, -0.020281064488012996
2, 4, 3, 1, 1, -1, 0, -0.021486104430289955
2, 4, 3, 1, -1, 1, 0, -0.003509160297824671
2, 4, 3, 1, 3, -1, 0, 0.01571511152601096
2, 4, 3, 1, -3, 1, 0, 0.009218557546938014
2, 4, 3, 3, 1, -1, 0, -0.00017027231598739593
2, 4, 3, 3, -1, 1, 0, -0.0075773409675480505
2, 4, 3, 3, 1, -3, 0, -0.004053791009393327
2, 4, 3, 3, -1, 3, 0, -0.005834248379665613
2, 4, 3, 3, 3, -1, 0, 0.0027916538860690123
2, 4, 3, 3, -3, 1, 0, 0.005159473494430401
2, 4, 3, 3, 3, -3, 0, -0.012909628631478905
2, 4, 3, 3, -3, 3, 0, 0.010411163903741189
2, 4, 4, 0, -2, 0, 0, -0.0013330425688178765
2, 4, 4, 2, 0, -2, 0, -0.009255742533888976
2, 4, 4, 2, -2, 0, 0, 0.0046061850475485385
2, 4, 4, 2, 2, -2, 0, 0.01917222042509253
2, 4, 4, 2, -2, 2, 0, 0.0016244276330153603
2, 4, 4, 2, 4, -2, 0, 0.008999267698059641
2, 4, 4, 2, -4, 2, 0, -0.003594339356456755
2, 4, 4, 4, 0, -2, 0, -0.006574542263786294
2, 4, 4, 4, -2, 0, 0, 0.00005925561542522665
2, 4, 4, 4, 2, -2, 0, -0.0028265216390489624
2, 4, 4, 4, -2, 2, 0, 0.004963294276867315
2, 4, 4, 4, 2, -4, 0, -0.011627462565857942
2, 4, 4, 4, -2, 4, 0, 0.0028136688616637036
2, 4, 4, 4, 4, -2, 0, -0.00022421622211845314
2, 4, 4, 4, -4, 2, 0, -0.005593737996752229
2, 4, 4, 4, 4, -4, 0, -0.008219618954637022
2, 4, 4, 4, -4, 4, 0, -0.004878638616231809
2, 4, 0, 2, 0, -2, 1, -0.004954126662176511
2, 4, 0, 4, 0, -2, 1, 0.005885357192776132
2, 4, 1, 1, 1, -1, 1, 0.004698970087347945
2, 4, 1, 1, -1, 1, 1, 0.0026261275599825454
2, 4, 1, 3, 1, -1, 1, -0.005707717515584305
2, 4, 1, 3, -1, 1, 1, 0.007185390119792233
2, 4, 1, 3, 1, -3, 1, 0.010675281963257071
2, 4, 1, 3, -1, 3, 1, 0.0048710668478300495
2, 4, 2, 0, -2, 0, 1, 0.004960203369845543
2, 4, 2, 2, 0, -2, 1, 0.009612174996493743
2, 4, 2, 2, -2, 0, 1, 0.0009920078613049749
2, 4, 2, 2, 2, -2, 1, 0.0007292929002475123
2, 4, 2, 2, -2, 2, 1, 0.006776439123996808
2, 4, 2, 4, 0, -2, 1, 0.000054263460763524264
2, 4, 2, 4, -2, 0, 1, 0.006839320969973235
2, 4, 2, 4, 2, -2, 1, 0.007246431099236698
2, 4, 2, 4, -2, 2, 1, 0.004739492069145444
2, 4, 2, 4, 2, -4, 1, 0.0044410062984656645
2, 4, 2, 4, -2, 4, 1, 0.007746131985743296
2, 4, 3, 1, 1, -1, 1, -0.011916774035648003
2, 4, 3, 1, -1, 1, 1, -0.003944646276901727
2, 4, 3, 1, 3, -1, 1, 0.0004579734725925558
2, 4, 3, 1, -3, 1, 1, -0.00369145218355683
2, 4, 3, 3, 1, -1, 1, -0.0064590051891254266
2, 4, 3, 3, -1, 1, 1, 0.012952032673485582
2, 4, 3, 3, 1, -3, 1, -0.006167149899162852
2, 4, 3, 3, -1, 3, 1, 0.0005982960487892902
2, 4, 3, 3, 3, -1, 1, -0.007534289410197803
2, 4, 3, 3, -3, 1, 1, -0.011503320856213682
2, 4, 3, 3, 3, -3, 1, 0.00800903572334248
2, 4, 3, 3, -3, 3, 1, -0.007314774780629821
2, 4, 4, 0, -2, 0, 1, 0.0016059917965003008
2, 4, 4, 2, 0, -2, 1, -0.004676748572051408
2, 4, 4, 2, -2, 0, 1, -0.0023943269896736803
2, 4, 4, 2, 2, -2, 1, 0.006976448293082693
2, 4, 4, 2, -2, 2, 1, 0.0002738853654844133
2, 4, 4, 2, 4, -2, 1, 0.0024502468875621623
2, 4, 4, 2, -4, 2, 1, 0.004110357603243147
2, 4, 4, 4, 0, -2, 1, 0.007575212821478964
2, 4, 4, 4, -2, 0, 1, -0.0016339720520455719
2, 4, 4, 4, 2, -2, 1, 0.0040896590803749956
2, 4, 4, 4, -2, 2, 1, -0.00457266712492164
2, 4, 4, 4, 2, -4, 1, 0.017039130430154877
2, 4, 4, 4, -2, 4, 1, -0.0008779784164076399
2, 4, 4, 4, 4, -2, 1, 0.0080387415117895
2, 4, 4, 4, -4, 2, 1, 0.0010703040168024373
2, 4, 4, 4, 4, -4, 1, 0.008559768466128676
2, 4, 4, 4, -4, 4, 1, 0.0042474126402800485
3, 3, 0, 0, 0, 0, 0, -0.07101851522689026
3, 3, 1, 1, 1, 1, 0, -0.09798868088911228
3, 3, 2, 0, 0, 0, 0, 0.09033036257159086
3, 3, 2, 2, 0, 0, 0, 0.05106471599582052
3, 3, 2, 2, 2, 2, 0, 0.13016195385403265
3, 3, 3, 1, 1, 1, 0, -0.05020406059595627
3, 3, 3, 1, 3, 1, 0, -0.11940850268712276
3, 3, 3, 3, 1, 1, 0, -0.009931415524846724
3, 3, 3, 3, 3, 1, 0, 0.017306075539108248
3, 3, 3, 3, 3, 3, 0, -0.04053571855636916
3, 3, 4, 0, 0, 0, 0, -0.006264454643426251
3, 3, 4, 0, 4, 0, 0, 0.07029663614040563
3, 3, 4, 2, 0, 0, 0, -0.013487049344619719
3, 3, 4, 2, 2, 2, 0, 0.015017299829394157
3, 3, 4, 2, 4, 0, 0, -0.029701366747378298
3, 3, 4, 2, 4, 2, 0, 0.07295413127012361
3, 3, 4, 4, 0, 0, 0, -0.02184186307383798
3, 3, 4, 4, 2, 2, 0, -0.0017510735480791607
3, 3, 4, 4, 4, 0, 0, 0.003283536139121606
3, 3, 4, 4, 4, 2, 0, 0.04427591772345815
3, 3, 4, 4, 4, 4, 0, -0.011507751577404975
3, 3, 0, 0, 0, 0, 1, -0.01861238954185167
3, 3, 1, 1, 1, 1, 1, -0.06914019954519347
3, 3, 2, 0, 0, 0, 1, 0.02666269658272532
3, 3, 2, 2, 0, 0, 1, 0.007753034673763485
3, 3, 2, 2, 2, 2, 1, 0.07164717725070775
3, 3, 3, 1, 1, 1, 1, -0.024341591176598107
3, 3, 3, 1, 3, 1, 1, -0.09195939887024006
3, 3, 3, 3, 1, 1, 1, -0.011036298395938766
3, 3, 3, 3, 3, 1, 1, -0.01120944776882795
3, 3, 3, 3, 3, 3, 1, -0.05439402068479643
3, 3, 4, 0, 0, 0, 1, 0.040738516705186946
3, 3, 4, 0, 4, 0, 1, 0.02966015726444087
3, 3, 4, 2, 0, 0, 1, 0.05943330166953095
3, 3, 4, 2, 2, 2, 1, -0.018771283285224993
3, 3, 4, 2, 4, 0, 1, 0.0022705702647362776
3, 3, 4, 2, 4, 2, 1, 0.03247095402084296
3, 3, 4, 4, 0, 0, 1, 0.037932483019662316
3, 3, 4, 4, 2, 2, 1, -0.0060409300744875116
3, 3, 4, 4, 4, 0, 1, -0.03377860750889558
3, 3, 4, 4, 4, 2, 1, -0.013521498543560571
3, 3, 4, 4, 4, 4, 1, -0.020683647691140478
3, 4, 0, 2, 0, 2, 0, -0.018768598752685047
3, 4, 0, 4, 0, 2, 0, -0.013981434589541174
3, 4, 1, 1, 1, 1, 0, -0.04154806979961308
3, 4, 1, 3, 1, 1, 0, 0.0031035209891669257
3, 4, 1, 3, 1, 3, 0, 0.011377920234838636
3, 4, 2, 0, 2, 0, 0, 0.07937910923129754
3, 4, 2, 2, 0, 2, 0, -0.05967944133265429
3, 4, 2, 2, 2, 0, 0, 0.01611466504874906
3, 4, 2, 2, 2, 2, 0, -0.007931747919173497
3, 4, 2, 4, 0, 2, 0, -0.014401184095237267
3, 4, 2, 4, 2, 0, 0, 0.003689843382158547
3, 4, 2, 4, 2, 2, 0, -0.010329644424706881
3, 4, 2, 4, 2, 4, 0, 0.005465785485302861
3, 4, 3, 1, 1, 1, 0, 0.017281439003835282
3, 4, 3, 1, 3, 1, 0, -0.029048819402993586
3, 4, 3, 3, 1, 1, 0, 0.004024323810676275
3, 4, 3, 3, 1, 3, 0, -0.0000817705597947545
3, 4, 3, 3, 3, 1, 0, -0.004467378898870262
3, 4, 3, 3, 3, 3, 0, 0.011901428983507845
3, 4, 4, 0, 2, 0, 0, 0.013010571469632267
3, 4, 4, 2, 0, 2, 0, -0.022397377358015773
3, 4, 4, 2, 2, 0, 0, 0.009744361731788814
3, 4, 4, 2, 2, 2, 0, -0.023173594596885
3, 4, 4, 2, 4, 2, 0, -0.006104318790503998
3, 4, 4, 4, 0, 2, 0, -0.006789289387134708
3, 4, 4, 4, 2, 0, 0, 0.006435042785553628
3, 4, 4, 4, 2, 2, 0, -0.012839701324893494
3, 4, 4, 4, 2, 4, 0, 0.005453187856708571
3, 4, 4, 4, 4, 2, 0, 0.0007321105398945173
3, 4, 4, 4, 4, 4, 0, 0.01727640531533535
3, 4, 0, 2, 0, 2, 1, 0.03794482853378115
3, 4, 0, 4, 0, 2, 1, -0.014838935426356344
3, 4, 1, 1, 1, 1, 1, -0.01209161186934278
3, 4, 1, 3, 1, 1, 1, 0.018617057537723258
3, 4, 1, 3, 1, 3, 1, -0.014631340182066813
3, 4, 2, 0, 2, 0, 1, -0.013156753252150336
3, 4, 2, 2, 0, 2, 1, 0.003633989769496762
3, 4, 2, 2, 2, 0, 1, -0.0025441365109320664
3, 4, 2, 2, 2, 2, 1, 0.011944122468823636
3, 4, 2, 4, 0, 2, 1, -0.0003793547728777255
3, 4, 2, 4, 2, 0, 1, -0.010191756965362578
3, 4, 2, 4, 2, 2, 1, 0.01566764962566108
3, 4, 2, 4, 2, 4, 1, -0.002584129151435551
3, 4, 3, 1, 1, 1, 1, 0.008170645973182091
3, 4, 3, 1, 3, 1, 1, 0.009104679669109092
3, 4, 3, 3, 1, 1, 1, 0.005003679071104706
3, 4, 3, 3, 1, 3, 1, 0.0038696537579013457
3, 4, 3, 3, 3, 1, 1, -0.00624807652903457
3, 4, 3, 3, 3, 3, 1, -0.0042298210180006825
3, 4, 4, 0, 2, 0, 1, -0.01757018164804216
3, 4, 4, 2, 0, 2, 1, 0.01097491389429451
3, 4, 4, 2, 2, 0, 1, -0.016685882414804523
3, 4, 4, 2, 2, 2, 1, 0.0291331094204234
3, 4, 4, 2, 4, 2, 1, 0.008898761838898938
3, 4, 4, 4, 0, 2, 1, 0.0071680931710553465
3, 4, 4, 4, 2, 0, 1, -0.012423999644729442
3, 4, 4, 4, 2, 2, 1, 0.020036919084384666
3, 4, 4, 4, 2, 4, 1, -0.004951444811576158
3, 4, 4, 4, 4, 2, 1, 0.0032217426531322337
3, 4, 4, 4, 4, 4, 1, -0.01761276809310003
4, 4, 0, 0, 0, 0, 0, -0.00515812484177549
4, 4, 1, 1, 1, 1, 0, -0.14624618520723692
4, 4, 2, 0, 0, 0, 0, 0.09239310425803579
4, 4, 2, 2, 0, 0, 0, 0.02562764932737125
4, 4, 2, 2, 2, 2, 0, 0.10416105368115224
4, 4, 3, 1, 1, 1, 0, -0.07063400640628306
4, 4, 3, 3, 1, 1, 0, -0.006651091596729127
4, 4, 3, 3, 3, 3, 0, -0.02644679438899277
4, 4, 4, 0, 0, 0, 0, 0.02366402605767905
4, 4, 4, 2, 0, 0, 0, 0.007355098689515956
4, 4, 4, 2, 2, 2, 0, 0.03652385633551873
4, 4, 4, 4, 0, 0, 0, 0.001538378023926677
4, 4, 4, 4, 2, 2, 0, -0.0008980478667663114
4, 4, 4, 4, 4, 4, 0, 0.024222143280397748
4, 4, 0, 0, 0, 0, 1, 0.5120717982676573
4, 4, 1, 1, 1, 1, 1, -0.257132769886382
4, 4, 2, 0, 0, 0, 1, 0.31915405056607404
4, 4, 2, 2, 0, 0, 1, 0.12181179258812788
4, 4, 2, 2, 2, 2, 1, 0.003892345083010687
4, 4, 3, 1, 1, 1, 1, -0.06773768548848952
4, 4, 3, 3, 1, 1, 1, -0.02535099976574017
4, 4, 3, 3, 3, 3, 1, -0.021385054509572815
4, 4, 4, 0, 0, 0, 1, 0.030939830623094206
4, 4, 4, 2, 0, 0, 1, 0.03092407530200718
4, 4, 4, 2, 2, 2, 1, -0.015942784576719965
4, 4, 4, 4, 0, 0, 1, -0.00009460584837398412
4, 4, 4, 4, 2, 2, 1, 0.0012744716631983817
4, 4, 4, 4, 4, 4, 1, -0.012871993331610869
